Sample,Variant,MosaicMiner VAF,RC VAF
20RG-154G0023,GNA11_c.547CT,0.03,
20RG-335G0002,NF1_c.1246CT,0.01,
20RG-337G0080,PIK3CA_c.1030GA,0.06,
21RG-026G0051,GNAQ_c.548GA,0.03,
21RG-062G0037,PIK3CA_c.1357GA,0.05,
21RG-075G0136,PIK3CA_c.1624GA,0.04,
21RG-097G0089,GNA11_c.547CT,0.04,0.043
21RG-098G0003,PIK3CA_c.1633GA,0.03,
21RG-105G0179,MAP2K1_c.171GT,0.06,0.05
21RG-116G0098,GNAS_c.602GA,0.02,0.015
21RG-124G0108,PIK3CA_c.263GA,0.04,
21RG-126G0085,PIK3CA_c.1624GA,0.02,0.015
21RG-127G0070,PIK3CA_c.2816AG,0.03,
21RG-131G0239,GNA11_c.626AT,0.08,0.08
21RG-131G0252 ,PIK3CA_c.1810TC,0.07,
21RG-133G0090,PIK3CA_c.1624GA,,0.008
21RG-134G0113,PIK3CA_c.3140AG,0.09,0.099
21RG-148G0177,PIK3CA_c.3140AG,0.04,0.04
21RG-160G0014,PIK3CA_c.1633GA,,0.008
21RG-162G0203,GNAQ_c.548GA,0.05,0.049
21RG-166G0071,GNAS_c.601CT,0.04,0.04
21RG-176G0154,GNAS_c.602GA,0.09,0.08
21RG-181G0102,PIK3CA_c.1033AG,0.05,
21RG-181G0113,GNAQ_c.548GA,0.02,
21RG-183G0048,GNA11_c.547CT,,0.03
21RG-188G0052,GNAQ_c.548GA,0.05,0.04
21RG-202G0014,MAP2K1_c.607GA,0.04,
21RG-203G0027,PIK3CA_c.1633GA,0.02,0.02
21RG-209G0050,PIK3CA_c.1634AG,0.05,0.05
21RG-219G0097,PIK3CA_c.1624GA,0.01,0.009
21RG-222G0084,GNA11_c.547CT,0.04,0.04
21RG-224G0092 ,PIK3CA_c.2908GA,0.06,
21RG-236G0125,PIK3CA_c.1624GA,0.01,0.012
21RG-237G0088,GNAQ_c.548GA,,0.005
21RG-258G0056,PIK3CA_c.353GA,0.09,
21RG-264G0080,GNAS_c.601CT,,0.009
21RG-278G0028,GNAQ_c.548GA,0.04,
21RG-278G0061,NF1_c.7863_7864ins,0.02,
21RG-279G0089,PIK3CA_c.1132TC,0.04,
21RG-294G0040,SMO_c.1234CT,0.03,
21RG-295G0046,GNAQ_c.548GA,0.03,
21RG-326G0125,PIK3CA_c.3140AT,0.09,
21RG-295G0047,GNAQ_c.548GA,0.03,
21RG-295G0049,GNAQ_c.548GA,0.03,
21RG-313G0093,GNAS_c.602GA,0.02,
21RG-264G0083,GNAS_c.602GA,,0.006
21RG-295G0056,GNAQ_c.548GA,0.02,0.02
22RG-004G0015,NF1_c.1246CT,0.01,
21RG-309G0028,PIK3CA_c.3140AT,0.11,0.11
21RG-268G0073,PIK3CA_c.1633GA,0.01,
21RG-315G0081,GNA11_c.547CT,,0.03
21RG-337G0122,GNAQ_c.548GA,,0.007
22RG-039G0056,GNAQ_c.548GA,0.04,
22RG-017G0106,PIK3CA_c.3140AG,0.09,0.09
22RG-032G0116,PIK3CA_c.1624GA,0.18,
22RG-004G0015,NF1_c.1246_C_T,0.01,
21RG-258G0056,PIK3CA_c.353_G,0.09,
21RG-278G0061,NF1_c.7863_7864wt,0.02,
21RG-279G0089,PIK3CA_c.1132_T,0.04,
21RG-320G0118,ACTB_c.439CT,0.06,
21RG-295G0055,ACTB_c.441_442insGGT,0.05,
21RG-327G0163,IDH1_c.394CT,0.02,
